Feature,Importance
humidity,23.08159141354598
N,19.023116297531505
K,18.397581051955587
rainfall,16.9446530740768
P,15.80352974101344
temperature,5.787029822851489
ph,0.9624985990252274
